"id";"avaliacao";"dataMudancaEstado";"estado";"idTFC";"idTFCNumerico";"utilizador"
1;;"04/10/2018";A Aguardar Atribuição;DEISI1;1;p4997
2;;"04/10/2018";A Aguardar Atribuição;DEISI2;2;p2
3;;"04/10/2018";A Aguardar Atribuição;DEISI3;3;p2
4;;"04/10/2018";A Aguardar Atribuição;DEISI4;4;p2
5;;"08/10/2018";A Aguardar Atribuição;DEISI5;5;p3478
6;;"08/10/2018";A Aguardar Atribuição;DEISI6;6;p3478
7;;"08/10/2018";A Aguardar Atribuição;DEISI7;7;p3478
8;;"08/10/2018";A Aguardar Atribuição;DEISI8;8;p3478
9;;"08/10/2018";A Aguardar Atribuição;DEISI9;9;p3478
10;;"08/10/2018";A Aguardar Atribuição;DEISI10;10;p3478
11;;"08/10/2018";A Aguardar Atribuição;DEISI11;11;p3478
12;;"08/10/2018";A Aguardar Atribuição;DEISI12;12;p3478
13;;"08/10/2018";A Aguardar Atribuição;DEISI13;13;p3478
14;;"08/10/2018";A Aguardar Atribuição;DEISI14;14;p3478
15;;"08/10/2018";A Aguardar Atribuição;DEISI15;15;p3478
16;;"08/10/2018";A Aguardar Atribuição;DEISI16;16;p3478
17;;"09/10/2018";A Aguardar Atribuição;DEISI17;17;p2703
18;;"09/10/2018";A Aguardar Atribuição;DEISI18;18;p2703
19;;"09/10/2018";A Aguardar Atribuição;DEISI19;19;p2703
20;;"09/10/2018";A Aguardar Atribuição;DEISI20;20;p2703
21;;"09/10/2018";A Aguardar Atribuição;DEISI21;21;p2703
22;;"10/10/2018";A Aguardar Aprovação;Aluno22;22;a21502579
23;;"10/10/2018";A Aguardar Aprovação;Aluno23;23;a20086749
28;Escolha uma avaliação;"12/10/2018";A Aguardar Aprovação;Aluno22;22;p2703
30;Recusado;"12/10/2018";Recusado;Aluno22;22;p2703
31;Aceite;"12/10/2018";Atribuido;Aluno23;23;p2703
32;;"13/10/2018";A Aguardar Atribuição;DEISI24;24;p3113
33;;"13/10/2018";A Aguardar Atribuição;DEISI25;25;p3113
34;;"13/10/2018";A Aguardar Aprovação;Aluno26;26;a21502840
35;Aceite;"14/10/2018";Atribuido;Aluno26;26;p2703
36;;"14/10/2018";A Aguardar Aprovação;G27;27;a21502579
37;;"08/10/2018";Atribuido;DEISI7;7;Luís Gomes
38;Aceite Com Modificações;"16/10/2018";Atribuido;Aluno27;27;p2703
39;;"16/10/2018";A Aguardar Atribuição;DEISI28;28;p4997
40;;"17/10/2018";A Aguardar Atribuição;DEISI29;29;p4036
41;;"16/10/2018";Atribuido;DEISI28;28;Luís Gomes
42;;"04/10/2018";Atribuido;DEISI3;3;Luís Gomes
43;;"10/02/2019";A Aguardar Atribuição;DEISI30;30;p5403
44;;"11/02/2019";A Aguardar Atribuição;DEISI31;31;p4997
45;;"11/02/2019";A Aguardar Atribuição;DEISI32;32;p4997
46;;"14/02/2019";A Aguardar Aprovação;Empresa33;33;emp13
47;;"16/02/2019";A Aguardar Atribuição;DEISI34;34;p3113
48;;"17/02/2019";A Aguardar Atribuição;DEISI35;35;p5403
49;;"19/02/2019";A Aguardar Aprovação;NDEISI36;36;pnd1
50;;"20/02/2019";A Aguardar Atribuição;DEISI37;37;p2
51;;"20/02/2019";A Aguardar Atribuição;DEISI38;38;p2
52;;"20/02/2019";A Aguardar Atribuição;DEISI39;39;p2
53;;"21/02/2019";A Aguardar Atribuição;DEISI40;40;p2
54;;"21/02/2019";A Aguardar Atribuição;DEISI41;41;p2
55;;"22/02/2019";A Aguardar Atribuição;DEISI42;42;p3478
56;;"22/02/2019";A Aguardar Aprovação;NDEISI43;43;pnd2
57;;"22/02/2019";A Aguardar Aprovação;NDEISI44;44;pnd2
58;;"26/02/2019";A Aguardar Aprovação;NDEISI45;45;pnd3
59;;"26/02/2019";A Aguardar Atribuição;DEISI46;46;p5403
60;Aceite;"28/02/2019";A Aguardar Atribuição;NDEISI45;45;p2703
61;Aceite;"28/02/2019";A Aguardar Atribuição;NDEISI44;44;p2703
62;Aceite;"28/02/2019";A Aguardar Atribuição;NDEISI36;36;p2703
63;Aceite;"28/02/2019";A Aguardar Atribuição;NDEISI43;43;p2703
64;Aceite Com Modificações;"01/03/2019";A Aguardar Atribuição;Empresa33;33;p2703
65;;"04/03/2019";A Aguardar Aprovação;Aluno47;47;a21601155
66;Aceite;"05/03/2019";Atribuido;Aluno47;47;p2703
67;;"09/10/2018";Atribuido;DEISI21;21;Luís Gomes
68;;"11/02/2019";Atribuido;DEISI31;31;Luís Gomes
69;;"16/02/2019";Atribuido;DEISI34;34;Luís Gomes
70;;"08/10/2018";Atribuido;DEISI13;13;Luís Gomes
71;;"17/10/2018";Atribuido;DEISI29;29;Luís Gomes
72;;"26/02/2019";Atribuido;DEISI46;46;Luís Gomes
73;;"10/02/2019";Atribuido;DEISI30;30;Luís Gomes
74;;"17/02/2019";Atribuido;DEISI35;35;Luís Gomes
75;;"01/03/2019";Atribuido;Empresa33;33;Luís Gomes
76;;"06/03/2019";A Aguardar Aprovação;Aluno48;48;a21404687
77;Recusado;"06/03/2019";Recusado;Aluno48;48;p2703
78;;"08/10/2018";Atribuido;DEISI12;12;Luís Gomes
79;;"11/02/2019";Atribuido;DEISI32;32;Luís Gomes
80;;"11/02/2019";Atribuido;DEISI1;1;Luís Gomes
81;;"06/03/2019";A Aguardar Aprovação;G49;49;a21700075
82;;"07/03/2019";A Aguardar Atribuição;DEISI50;50;p3113
83;;"07/03/2019";A Aguardar Atribuição;DEISI51;51;p3113
84;;"07/03/2019";Atribuido;DEISI50;50;Rui Ribeiro
85;;"07/03/2019";Atribuido;DEISI51;51;Rui Ribeiro
86;;"09/10/2018";Atribuido;DEISI17;17;Luís Gomes
87;;"13/10/2018";Atribuido;DEISI25;25;Luís Gomes
88;;"08/10/2018";Atribuido;DEISI11;11;Luís Gomes
89;;"08/10/2018";Atribuido;DEISI8;8;Luís Gomes
90;Recusado;"07/03/2019";Recusado;Aluno49;49;p2703
91;;"07/03/2019";A Aguardar Atribuição;DEISI56;56;p2703
92;;"08/03/2019";A Aguardar Aprovação;G57;57;a21700924
93;;"08/03/2019";A Aguardar Aprovação;G59;59;a21507835
94;;"08/03/2019";A Aguardar Aprovação;G60;60;a21507835
95;;"08/03/2019";A Aguardar Aprovação;G61;61;a21501704
96;;"09/03/2019";A Aguardar Aprovação;G62;62;a21603256
97;;"09/03/2019";A Aguardar Aprovação;Aluno63;63;a21604600
98;;"09/03/2019";A Aguardar Aprovação;G64;64;a21600697
99;;"20/02/2019";Atribuido;DEISI39;39;Luís Gomes
100;;"2019-03-10 19:42:13";A Aguardar Atribuição;DEISI21;21;p2703
101;;"20/02/2019";Atribuido;DEISI37;37;Luís Gomes
102;;"28/02/2019";Atribuido;NDEISI36;36;Luís Gomes
103;;"28/02/2019";Atribuido;NDEISI45;45;Luís Gomes
104;;"22/02/2019";Atribuido;DEISI42;42;Luís Gomes
105;;"08/10/2018";Atribuido;DEISI9;9;Luís Gomes
106;;"09/10/2018";Atribuido;DEISI20;20;Luís Gomes
107;;"21/02/2019";Atribuido;DEISI41;41;Luís Gomes
108;Escolha uma avaliação;"10/03/2019";A Aguardar Aprovação;Aluno59;59;p2703
109;;"11/03/2019";A Aguardar Atribuição;DEISI66;66;p4997
110;;"11/03/2019";A Aguardar Aprovação;G67;67;a21800835
111;;"11/03/2019";A Aguardar Aprovação;Empresa68;68;emp30
113;Recusado;"11/03/2019";A Aguardar Aprovação;Aluno63;63;p2703
114;Aceite;"11/03/2019";Atribuido;Aluno57;57;p2703
115;Aceite;"11/03/2019";Atribuido;Aluno67;67;p2703
116;;"11/03/2019";Atribuido;DEISI66;66;Luís Gomes
117;;"11/03/2019";A Aguardar Aprovação;G69;69;a21502583
118;Recusado;"12/03/2019";Recusado;Aluno60;60;p2703
119;;"09/10/2018";Atribuido;DEISI19;19;Luís Gomes
120;Recusado;"13/03/2019";Recusado;Aluno59;59;p2703
121;Recusado;"13/03/2019";Recusado;Aluno61;61;p2703
124;Recusado;"13/03/2019";Recusado;Aluno69;69;p2703
125;Recusado;"13/03/2019";Recusado;Aluno64;64;p2703
126;;"14/03/2019";A Aguardar Atribuição;DEISI70;70;p3025
127;Aceite;"15/03/2019";A Aguardar Atribuição;Empresa68;68;p2703
128;;"09/10/2018";Atribuido;DEISI21;21;Luís Gomes
129;;"14/03/2019";Atribuido;DEISI70;70;Luís Gomes
130;;"15/03/2019";Atribuido;Empresa68;68;Luís Gomes
131;;"08/10/2018";Atribuido;DEISI12;12;Luís Gomes
132;;"19/03/2019";A Aguardar Atribuição;DEISI71;71;p5404
133;;"28/02/2019";Atribuido;NDEISI43;43;Luís Gomes
134;;"25/03/2019";A Aguardar Aprovação;G72;72;a21502583
135;Recusado;"25/03/2019";Recusado;Aluno62;62;p2703
136;Aceite;"25/03/2019";Atribuido;Aluno72;72;p2703
137;;"26/03/2019";A Aguardar Atribuição;DEISI73;73;p5265
138;;"26/03/2019";Atribuido;DEISI73;73;Luís Gomes
139;Aceite;"06/04/2019";Atribuido;Aluno63;63;p2703
140;;"25/09/2019";A Aguardar Atribuição;DEISI74;74;p5502
141;;"02/10/2019";A Aguardar Atribuição;DEISI75;75;p2703
142;;"02/10/2019";A Aguardar Atribuição;DEISI76;76;p2703
143;;"02/10/2019";A Aguardar Atribuição;DEISI77;77;p2703
144;;"02/10/2019";A Aguardar Atribuição;DEISI79;79;p2703
145;;"02/10/2019";A Aguardar Atribuição;DEISI80;80;p5404
146;;"02/10/2019";A Aguardar Atribuição;DEISI81;81;p2703
147;;"03/10/2019";A Aguardar Aprovação;Aluno82;82;a21705328
148;;"04/10/2019";A Aguardar Atribuição;DEISI83;83;p4997
149;;"04/10/2019";A Aguardar Atribuição;DEISI84;84;p4997
150;;"04/10/2019";A Aguardar Atribuição;DEISI85;85;p2703
152;;"05/10/2019";A Aguardar Atribuição;DEISI86;86;p2703
153;;"05/10/2019";A Aguardar Aprovação;Aluno87;87;a21703957
154;;"07/10/2019";A Aguardar Aprovação;Aluno88;88;a21705201
155;Aceite;"07/10/2019";Atribuido;Aluno87;87;p2703
156;Aceite;"07/10/2019";Atribuido;Aluno88;88;p2703
157;;"07/10/2019";A Aguardar Atribuição;DEISI89;89;p4997
158;;"07/10/2019";A Aguardar Atribuição;DEISI90;90;p3113
159;;"07/10/2019";A Aguardar Atribuição;DEISI91;91;p3113
160;;"07/10/2019";A Aguardar Atribuição;DEISI92;92;p3113
161;;"07/10/2019";A Aguardar Atribuição;DEISI93;93;p3113
162;;"08/10/2019";A Aguardar Aprovação;Aluno94;94;a21702482
163;;"08/10/2019";A Aguardar Atribuição;DEISI95;95;p5403
164;;"08/10/2019";A Aguardar Atribuição;DEISI96;96;p5403
165;;"08/10/2019";A Aguardar Atribuição;DEISI97;97;p5403
166;;"11/10/2019";A Aguardar Atribuição;DEISI98;98;p3478
167;;"11/10/2019";A Aguardar Atribuição;DEISI99;99;p3478
168;;"11/10/2019";A Aguardar Atribuição;DEISI100;100;p3478
169;;"11/10/2019";A Aguardar Atribuição;DEISI101;101;p3478
170;;"11/10/2019";A Aguardar Atribuição;DEISI102;102;p3478
171;Aceite;"14/10/2019";Atribuido;Aluno94;94;p2703
172;;"14/10/2019";A Aguardar Aprovação;Aluno103;103;a21604600
173;;"14/10/2019";A Aguardar Aprovação;G104;104;a21703349
174;;"15/10/2019";A Aguardar Atribuição;DEISI105;105;p5932
175;;"15/10/2019";A Aguardar Aprovação;NDEISI106;106;pnd4
176;;"15/10/2019";A Aguardar Aprovação;NDEISI107;107;pnd4
177;;"15/10/2019";A Aguardar Aprovação;Empresa108;108;emp39
178;Aceite;"15/10/2019";Atribuido;Aluno104;104;p2703
179;;"15/10/2019";A Aguardar Atribuição;NDEISI109;109;pnd4
180;;"15/10/2019";A Aguardar Aprovação;NDEISI110;110;pnd4
181;;"15/10/2019";A Aguardar Atribuição;DEISI111;111;p5265
182;;"16/10/2019";A Aguardar Aprovação;G112;112;a21703806
183;Aceite;"16/10/2019";Atribuido;Aluno103;103;p2703
184;Aceite;"16/10/2019";Atribuido;Aluno112;112;p2703
185;Recusado;"16/10/2019";Recusado;NDEISI109;109;p2703
186;;"16/10/2019";A Aguardar Aprovação;Empresa113;113;emp40
187;;"16/10/2019";A Aguardar Aprovação;Empresa114;114;emp40
188;;"16/10/2019";A Aguardar Aprovação;Empresa115;115;emp41
189;;"16/10/2019";A Aguardar Aprovação;G116;116;a21701870
190;;"16/10/2019";A Aguardar Aprovação;Empresa117;117;emp42
191;Recusado;"17/10/2019";Recusado;Empresa114;114;p2703
192;;"02/10/2019";Atribuido;DEISI75;75;Luís Gomes
193;;"17/10/2019";A Aguardar Aprovação;G118;118;a21701870
194;;"17/10/2019";A Aguardar Aprovação;G119;119;a21705846
195;;"17/10/2019";A Aguardar Aprovação;G120;120;a21703906
196;Recusado;"17/10/2019";Recusado;Aluno116;116;p2703
197;;"17/10/2019";A Aguardar Aprovação;G121;121;a21703974
198;Aceite;"18/10/2019";Atribuido;Aluno121;121;p2703
199;Escolha uma avaliação;"18/10/2019";A Aguardar Aprovação;NDEISI107;107;p2703
200;Aceite Com Modificações;"18/10/2019";A Aguardar Atribuição;Empresa108;108;p2703
202;Aceite Com Modificações;"18/10/2019";A Aguardar Atribuição;Empresa113;113;p2703
203;Aceite Com Modificações;"18/10/2019";A Aguardar Atribuição;Empresa115;115;p2703
204;Escolha uma avaliação;"18/10/2019";A Aguardar Aprovação;Empresa117;117;p2703
205;Aceite Com Modificações;"18/10/2019";A Aguardar Atribuição;Empresa117;117;p2703
206;Aceite;"18/10/2019";Atribuido;Aluno120;120;p2703
207;Aceite;"18/10/2019";A Aguardar Atribuição;NDEISI107;107;p2703
208;Aceite Com Modificações;"19/10/2019";A Aguardar Atribuição;NDEISI106;106;p2703
209;Aceite Com Modificações;"19/10/2019";A Aguardar Atribuição;NDEISI110;110;p2703
210;Aceite;"19/10/2019";Atribuido;Aluno119;119;p2703
211;;"19/10/2019";A Aguardar Atribuição;DEISI122;122;p2357
212;;"19/10/2019";A Aguardar Atribuição;DEISI123;123;p2357
213;;"19/10/2019";A Aguardar Atribuição;DEISI124;124;p2357
214;;"19/10/2019";A Aguardar Atribuição;DEISI125;125;p2
215;;"19/10/2019";A Aguardar Atribuição;DEISI126;126;p2
216;;"19/10/2019";A Aguardar Atribuição;DEISI127;127;p2
217;;"21/10/2019";A Aguardar Aprovação;DEISI128;128;p5905
218;;"02/10/2019";Atribuido;DEISI76;76;Luís Gomes
219;;"02/10/2019";Atribuido;DEISI77;77;Luís Gomes
220;;"04/10/2019";Atribuido;DEISI83;83;Luís Gomes
221;;"07/10/2019";Atribuido;DEISI89;89;Luís Gomes
223;;"07/10/2019";Atribuido;DEISI90;90;Luís Gomes
224;;"07/10/2019";Atribuido;DEISI91;91;Luís Gomes
225;;"11/10/2019";Atribuido;DEISI98;98;Luís Gomes
226;;"11/10/2019";Atribuido;DEISI101;101;Luís Gomes
227;;"15/10/2019";Atribuido;DEISI105;105;Luís Gomes
228;;"15/10/2019";Atribuido;DEISI111;111;Luís Gomes
229;Aceite;"2019-10-23";Atribuido;Aluno82;82;p2703
230;;"05/10/2019";Atribuido;DEISI86;86;Luís Gomes
231;;"08/10/2019";Atribuido;DEISI96;96;Luís Gomes
232;;"08/10/2019";Atribuido;DEISI97;97;Luís Gomes
233;;"18/10/2019";Atribuido;Empresa113;113;Luís Gomes
234;Aceite Com Modificações;"25/10/2019";A Aguardar Atribuição;Empresa114;114;p2703
235;;"25/10/2019";Atribuido;Empresa114;114;Luís Gomes
236;;"11/10/2019";Atribuido;DEISI99;99;Luís Gomes
237;;"19/10/2019";Atribuido;DEISI122;122;Luís Gomes
238;;"08/10/2019";Atribuido;DEISI95;95;Luís Gomes
239;;"04/10/2019";Atribuido;DEISI84;84;Luís Gomes
240;;"07/10/2019";Atribuido;DEISI92;92;Luís Gomes
241;;"07/10/2019";Atribuido;DEISI93;93;Luís Gomes
242;;"11/10/2019";Atribuido;DEISI102;102;Luís Gomes
244;;"19/10/2019";Atribuido;DEISI124;124;Luís Gomes
246;;"19/10/2019";Atribuido;DEISI123;123;Luís Gomes
247;;"29/10/2019";A Aguardar Aprovação;Aluno129;129;a21502753
248;;"19/10/2019";Atribuido;NDEISI106;106;Luís Gomes
249;;"11/10/2019";Atribuido;DEISI100;100;Luís Gomes
250;;"18/10/2019";Atribuido;NDEISI107;107;Luís Gomes
251;;"18/10/2019";Atribuido;Empresa108;108;Luís Gomes
252;;"29/10/2019";A Aguardar Atribuição;DEISI130;130;p1059
253;Aceite;"30/10/2019";Atribuido;G118;118;p2703
254;Aceite;"30/10/2019";Atribuido;Aluno129;129;p2703
255;;"18/10/2019";Atribuido;Empresa115;115;Luís Gomes
256;;"19/10/2019";Atribuido;NDEISI110;110;Luís Gomes
257;;"19/10/2019";Atribuido;DEISI125;125;Luís Gomes
258;;"18/10/2019";Atribuido;Empresa117;117;Luís Gomes
259;;"10/11/2019";A Aguardar Atribuição;DEISI131;131;p5502
260;;"10/11/2019";A Aguardar Atribuição;DEISI132;132;p5502
261;;"10/11/2019";A Aguardar Atribuição;DEISI133;133;p5502
262;;"20/04/2020";A Aguardar Aprovação;Aluno131;131;a21000000
263;;"26/04/2020";Atribuido;DEISI132;132;p2703
264;;"26/04/2020";Atribuido;DEISI133;133;p2703
265;;"26/04/2020";Atribuido;DEISI134;134;p2703
266;;"29/09/2020";A Aguardar Atribuição;DEISI135;135;p4997
267;;"29/09/2020";A Aguardar Atribuição;DEISI136;136;p4997
268;;"29/09/2020";A Aguardar Atribuição;DEISI137;137;p4997
269;;"29/09/2020";A Aguardar Atribuição;DEISI138;138;p4997
270;;"29/09/2020";A Aguardar Atribuição;DEISI139;139;p2703
271;;"29/09/2020";A Aguardar Atribuição;DEISI140;140;p2703
272;;"29/09/2020";A Aguardar Atribuição;DEISI141;141;p2703
273;;"01/10/2020";A Aguardar Aprovação;Aluno142;142;a21807154
274;;"02/10/2020";A Aguardar Atribuição;DEISI143;143;p2
275;;"02/10/2020";A Aguardar Atribuição;DEISI144;144;p2
276;;"02/10/2020";A Aguardar Atribuição;DEISI145;145;p2
277;;"02/10/2020";A Aguardar Aprovação;Aluno146;146;a21805632
278;;"02/10/2020";A Aguardar Atribuição;DEISI147;147;p5932
279;;"02/10/2020";A Aguardar Atribuição;DEISI148;148;p5932
280;;"02/10/2020";A Aguardar Atribuição;DEISI149;149;p5932
281;;"02/10/2020";A Aguardar Atribuição;DEISI150;150;p6069
282;;"02/10/2020";A Aguardar Atribuição;DEISI151;151;p6069
283;;"29/09/2020";Atribuido;DEISI135;135;Luís Gomes
284;;"30/09/2020";Atribuido;DEISI137;137;Luís Gomes
285;;"03/10/2020";A Aguardar Atribuição;DEISI152;152;p6069
286;;"03/10/2020";A Aguardar Atribuição;DEISI153;153;p6069
287;;"06/10/2020";A Aguardar Atribuição;DEISI154;154;p6115
288;;"06/10/2020";A Aguardar Atribuição;DEISI155;155;p6115
289;;"06/10/2020";A Aguardar Atribuição;DEISI156;156;p6115
290;;"06/10/2020";A Aguardar Aprovação;Aluno157;157;a21006894
291;;"06/10/2020";A Aguardar Atribuição;DEISI158;158;p3113
292;;"06/10/2020";A Aguardar Atribuição;DEISI159;159;p3113
293;;"06/10/2020";A Aguardar Atribuição;DEISI160;160;p3113
294;;"06/10/2020";A Aguardar Atribuição;DEISI161;161;p3113
295;;"06/10/2020";A Aguardar Atribuição;DEISI162;162;p3113
296;;"06/10/2020";A Aguardar Atribuição;DEISI163;163;p3113
297;;"06/10/2020";A Aguardar Atribuição;DEISI164;164;p3478
298;;"07/10/2020";A Aguardar Atribuição;DEISI165;165;p3478
299;;"07/10/2020";A Aguardar Atribuição;DEISI166;166;p3478
300;;"07/10/2020";A Aguardar Atribuição;DEISI167;167;p3478
301;;"07/10/2020";A Aguardar Aprovação;Aluno168;168;a21807232
302;;"07/10/2020";A Aguardar Aprovação;G169;169;a21901796
303;;"07/10/2020";A Aguardar Atribuição;DEISI170;170;p3478
304;;"07/10/2020";A Aguardar Aprovação;Aluno171;171;a21807838
305;;"07/10/2020";A Aguardar Atribuição;DEISI172;172;p3478
306;Aceite;"07/10/2020";Atribuido;Aluno142;142;p2703
307;Aceite;"07/10/2020";Atribuido;Aluno146;146;p2703
308;Aceite;"07/10/2020";Atribuido;G169;169;p2703
309;;"08/10/2020";A Aguardar Atribuição;DEISI173;173;p5403
310;;"09/10/2020";A Aguardar Aprovação;Aluno174;174;a21700547
311;;"09/10/2020";A Aguardar Aprovação;G175;175;a21801685
312;;"10/10/2020";A Aguardar Atribuição;DEISI176;176;p6115
313;;"11/10/2020";A Aguardar Atribuição;DEISI177;177;p3478
314;;"11/10/2020";A Aguardar Atribuição;DEISI178;178;p3478
315;;"11/10/2020";A Aguardar Atribuição;DEISI179;179;p3478
316;;"11/10/2020";A Aguardar Atribuição;DEISI180;180;p3478
317;;"11/10/2020";A Aguardar Atribuição;DEISI181;181;p1059
318;;"11/10/2020";A Aguardar Atribuição;DEISI182;182;p1059
319;;"11/10/2020";A Aguardar Atribuição;DEISI183;183;p1059
320;;"12/10/2020";A Aguardar Atribuição;DEISI184;184;p6069
321;;"12/10/2020";A Aguardar Atribuição;DEISI185;185;p6069
322;;"12/10/2020";A Aguardar Aprovação;G186;186;a21702996
323;;"12/10/2020";A Aguardar Aprovação;G187;187;a21702996
324;;"12/10/2020";A Aguardar Aprovação;G188;188;a21702996
325;;"12/10/2020";A Aguardar Atribuição;DEISI189;189;p4453
326;;"12/10/2020";A Aguardar Aprovação;G190;190;a21901521
327;;"12/10/2020";A Aguardar Aprovação;G191;191;a21901521
328;;"12/10/2020";A Aguardar Atribuição;DEISI192;192;p3478
329;Escolha uma avaliação;"12/10/2020";A Aguardar Aprovação;Aluno187;187;p2703
330;Recusado;"12/10/2020";Recusado;Aluno188;188;p2703
331;Recusado;"12/10/2020";Recusado;Aluno187;187;p2703
332;Aceite;"12/10/2020";Atribuido;Aluno191;191;p2703
333;;"02/10/2020";Atribuido;DEISI149;149;Luís Gomes
334;;"13/10/2020";A Aguardar Aprovação;Aluno193;193;a22006194
335;;"13/10/2020";A Aguardar Aprovação;Aluno194;194;a21700052
336;;"13/10/2020";A Aguardar Atribuição;DEISI195;195;p5502
337;;"13/10/2020";A Aguardar Atribuição;DEISI196;196;p901798
338;;"13/10/2020";A Aguardar Atribuição;DEISI197;197;p901798
339;;"13/10/2020";A Aguardar Atribuição;DEISI198;198;p5403
340;Aceite;"13/10/2020";Atribuido;G175;175;p2703
341;;"13/10/2020";Atribuido;DEISI198;198;Luís Gomes
342;;"10/10/2020";Atribuido;DEISI176;176;Luís Gomes
343;;"14/10/2020";A Aguardar Atribuição;DEISI199;199;p6069
344;;"12/10/2020";Atribuido;DEISI185;185;Luís Gomes
345;;"15/10/2020";A Aguardar Atribuição;DEISI200;200;p3113
346;;"06/10/2020";Atribuido;DEISI163;163;Rui Ribeiro
347;;"15/10/2020";A Aguardar Aprovação;Aluno201;201;a21701018
348;;"12/10/2020";Atribuido;DEISI184;184;Luís Gomes
349;;"16/10/2020";A Aguardar Atribuição;DEISI202;202;p2703
350;;"16/10/2020";A Aguardar Atribuição;DEISI203;203;p4492
351;;"29/09/2020";Atribuido;DEISI140;140;Luís Gomes
352;;"16/10/2020";A Aguardar Aprovação;G204;204;a21904353
353;;"16/10/2020";Atribuido;DEISI202;202;Luís Gomes
354;;"17/10/2020";A Aguardar Aprovação;Aluno205;205;a21906962
355;Recusado;"18/10/2020";Recusado;G186;186;p2703
356;Aceite;"18/10/2020";Atribuido;Aluno168;168;p2703
357;Aceite;"18/10/2020";Atribuido;Aluno194;194;p2703
358;Aceite;"18/10/2020";Atribuido;Aluno171;171;p2703
359;Recusado;"18/10/2020";Recusado;G204;204;p2703
360;;"13/10/2020";Atribuido;DEISI198;198;Luís Gomes
361;;"29/09/2020";Atribuido;DEISI136;136;Luís Gomes
362;;"29/09/2020";Atribuido;DEISI138;138;Luís Gomes
363;;"06/10/2020";Atribuido;DEISI160;160;Rui Ribeiro
364;;"06/10/2020";Atribuido;DEISI158;158;Rui Ribeiro
365;;"06/10/2020";Atribuido;DEISI161;161;Rui Ribeiro
366;;"15/10/2020";Atribuido;DEISI200;200;Rui Ribeiro
367;;"12/10/2020";Atribuido;DEISI185;185;Luís Gomes
368;;"12/10/2020";Atribuido;DEISI152;152;Luís Gomes
369;;"21/10/2020";A Aguardar Atribuição;DEISI206;206;p6115
373;Aceite;"21/10/2020";Atribuido;Aluno174;174;p2703
374;Aceite Com Modificações;"21/10/2020";Atribuido;Aluno205;205;p2703
375;;"10/10/2020";Atribuido;DEISI154;154;Luís Gomes
376;;"10/10/2020";Atribuido;DEISI155;155;Luís Gomes
377;;"10/10/2020";Atribuido;DEISI176;176;Luís Gomes
378;;"11/10/2020";Atribuido;DEISI167;167;Luís Gomes
379;;"14/10/2020";Atribuido;DEISI199;199;Luís Gomes
380;;"12/10/2020";Atribuido;DEISI151;151;Luís Gomes
381;;"02/10/2020";Atribuido;DEISI143;143;Luís Gomes
382;;"02/10/2020";Atribuido;DEISI144;144;Luís Gomes
383;;"02/10/2020";Atribuido;DEISI145;145;Luís Gomes
384;;"29/09/2020";Atribuido;DEISI139;139;Luís Gomes
385;;"13/10/2020";Atribuido;DEISI197;197;Luís Gomes
386;;"29/09/2020";Atribuido;DEISI141;141;Luís Gomes
387;;"08/10/2020";Atribuido;DEISI173;173;Luís Gomes
388;Recusado;"23/10/2020";Recusado;Aluno193;193;p2703
389;;"13/10/2020";Atribuido;DEISI189;189;Luís Gomes
390;;"16/10/2020";Atribuido;DEISI203;203;Luís Gomes
391;;"11/10/2020";Atribuido;DEISI170;170;Luís Gomes
392;Aceite;"24/10/2020";Atribuido;Aluno157;157;p2703
393;;"15/10/2020";Atribuido;DEISI200;200;Luís Gomes
394;;"11/10/2020";Atribuido;DEISI179;179;Luís Gomes
395;;"31/10/2020";A Aguardar Aprovação;Aluno206;206;a21805677
396;Aceite;"03/11/2020";Atribuido;Aluno206;206;p2703
397;;"11/10/2020";Atribuido;DEISI183;183;Luís Gomes
398;;"06/11/2020";A Aguardar Atribuição;DEISI207;207;p2
399;;"06/11/2020";Atribuido;DEISI207;207;Luís Gomes
400;;"13/10/2020";Atribuido;DEISI189;189;Luís Gomes
401;;"29/09/2020";Atribuido;DEISI141;141;Luís Gomes
402;;"10/11/2020";A Aguardar Atribuição;DEISI208;208;p5265
403;;"10/11/2020";Atribuido;DEISI208;208;Luís Gomes
404;;"18/11/2020";A Aguardar Atribuição;DEISI209;209;p3113
405;;"18/11/2020";Atribuido;DEISI209;209;Luís Gomes
406;;"31/07/2021";A Aguardar Atribuição;DEISI210;210;Luís Gomes
407;;"31/07/2021";Atribuido;DEISI210;210;Luís Gomes
408;;"30/09/2021";A Aguardar Atribuição;DEISI211;211;p3113
409;;"30/09/2021";A Aguardar Atribuição;DEISI212;212;p3113
410;;"30/09/2021";A Aguardar Atribuição;DEISI213;213;p3113
411;;"30/09/2021";A Aguardar Atribuição;DEISI214;214;p3113
412;;"30/09/2021";A Aguardar Atribuição;DEISI215;215;p3113
413;;"01/10/2021";A Aguardar Atribuição;DEISI216;216;p4997
414;;"01/10/2021";A Aguardar Atribuição;DEISI217;217;p4997
415;;"01/10/2021";A Aguardar Atribuição;DEISI218;218;p4997
416;;"01/10/2021";A Aguardar Atribuição;DEISI219;219;p4997
417;;"01/10/2021";A Aguardar Aprovação;Aluno220;220;a20065449
418;;"01/10/2021";A Aguardar Atribuição;DEISI221;221;p4997
419;;"04/10/2021";A Aguardar Atribuição;DEISI222;222;p3113
420;;"05/10/2021";A Aguardar Atribuição;DEISI223;223;p2
421;;"05/10/2021";A Aguardar Atribuição;DEISI224;224;p2
422;;"05/10/2021";A Aguardar Atribuição;DEISI225;225;p2
423;;"08/10/2021";A Aguardar Atribuição;DEISI226;226;p2703
424;;"08/10/2021";A Aguardar Atribuição;DEISI227;227;p2703
425;;"09/10/2021";A Aguardar Aprovação;Aluno228;228;a21905661
426;;"09/10/2021";A Aguardar Aprovação;G229;229;a20076288
427;;"04/10/2021";Atribuido;DEISI222;222;Luís Gomes
428;;"30/09/2021";Atribuido;DEISI214;214;Luís Gomes
429;;"30/09/2021";Atribuido;DEISI211;211;Luís Gomes
430;;"05/10/2021";Atribuido;DEISI223;223;Luís Gomes
432;;"09/10/2021";A Aguardar Aprovação;Aluno230;230;a21600035
433;;"10/10/2021";A Aguardar Atribuição;DEISI231;231;p4453
434;;"10/10/2021";A Aguardar Atribuição;DEISI232;232;p4453
435;;"01/10/2021";Atribuido;DEISI216;216;Luís Gomes
436;;"11/10/2021";A Aguardar Atribuição;DEISI233;233;p6069
437;;"11/10/2021";A Aguardar Atribuição;DEISI234;234;p6069
438;;"11/10/2021";A Aguardar Atribuição;DEISI235;235;p6069
439;;"11/10/2021";A Aguardar Atribuição;DEISI236;236;p6069
440;;"11/10/2021";A Aguardar Atribuição;DEISI237;237;p5403
441;;"11/10/2021";A Aguardar Atribuição;DEISI238;238;p5403
442;;"11/10/2021";A Aguardar Atribuição;DEISI239;239;p5403
443;;"11/10/2021";A Aguardar Atribuição;DEISI240;240;p5403
444;;"11/10/2021";A Aguardar Atribuição;DEISI241;241;p6115
445;;"11/10/2021";A Aguardar Atribuição;DEISI242;242;p6115
446;;"11/10/2021";A Aguardar Atribuição;DEISI243;243;p6115
447;;"11/10/2021";A Aguardar Aprovação;Aluno244;244;a21904946
448;;"11/10/2021";A Aguardar Aprovação;Aluno245;245;a21905840
449;;"12/10/2021";A Aguardar Atribuição;DEISI246;246;p6368
450;;"12/10/2021";A Aguardar Atribuição;DEISI247;247;p6368
451;;"12/10/2021";A Aguardar Aprovação;Empresa248;248;emp78
452;;"12/10/2021";A Aguardar Atribuição;DEISI249;249;p6255
453;Aceite;"12/10/2021";Atribuido;Aluno230;230;p2703
454;Aceite;"12/10/2021";Atribuido;Aluno228;228;p2703
455;Aceite;"12/10/2021";A Aguardar Atribuição;Empresa248;248;p2703
456;;"12/10/2021";Atribuido;Aluno228;228;Luís Gomes
457;;"01/10/2021";Atribuido;DEISI217;217;Luís Gomes
458;;"13/10/2021";A Aguardar Aprovação;Empresa250;250;emp79
459;;"13/10/2021";A Aguardar Aprovação;Empresa251;251;emp79
460;;"13/10/2021";A Aguardar Aprovação;Aluno252;252;a21504084
461;Aceite;"13/10/2021";Atribuido;Aluno220;220;p2703
462;;"11/10/2021";Atribuido;DEISI241;241;Luís Gomes
463;;"01/10/2021";Atribuido;DEISI221;221;Luís Gomes
464;;"11/10/2021";Atribuido;DEISI231;231;Luís Gomes
465;;"30/09/2021";Atribuido;DEISI212;212;Luís Gomes
466;;"11/10/2021";Atribuido;DEISI233;233;Luís Gomes
467;;"11/10/2021";Atribuido;DEISI237;237;Luís Gomes
468;;"11/10/2021";Atribuido;DEISI240;240;Luís Gomes
469;Recusado;"14/10/2021";Recusado;Empresa250;250;p2703
470;;"14/10/2021";A Aguardar Aprovação;Aluno253;253;a22003398
471;Aceite;"14/10/2021";Atribuido;Aluno252;252;p2703
472;Aceite;"14/10/2021";Atribuido;Aluno220;220;p2703
473;Recusado;"14/10/2021";Recusado;G229;229;p2703
474;;"01/10/2021";Atribuido;DEISI219;219;Luís Gomes
479;;"15/10/2021";A Aguardar Aprovação;G254;254;a20060775
480;;"16/10/2021";A Aguardar Aprovação;G255;255;a20076288
481;Aceite;"16/10/2021";Atribuido;G255;255;p2703
482;Aceite;"16/10/2021";Atribuido;G254;254;p2703
483;;"05/10/2021";Atribuido;DEISI225;225;Luís Gomes
484;Recusado;"16/10/2021";Recusado;Aluno253;253;p2703
485;;"11/10/2021";Atribuido;DEISI235;235;Luís Gomes
486;;"16/10/2021";A Aguardar Atribuição;DEISI256;256;p6115
487;Recusado;"16/10/2021";Recusado;Aluno245;245;p2703
488;;"16/10/2021";Atribuido;DEISI256;256;Luís Gomes
489;;"11/10/2021";Atribuido;DEISI242;242;Luís Gomes
490;;"11/10/2021";Atribuido;DEISI243;243;Luís Gomes
491;;"12/10/2021";Atribuido;Empresa248;248;Luís Gomes
492;;"12/10/2021";Atribuido;DEISI249;249;Luís Gomes
493;;"11/10/2021";Atribuido;DEISI232;232;Luís Gomes
494;;"11/10/2021";Atribuido;DEISI233;233;Luís Gomes
495;;"11/10/2021";Atribuido;DEISI235;235;Luís Gomes
496;;"11/10/2021";Atribuido;DEISI239;239;Luís Gomes
497;;"11/10/2021";Atribuido;DEISI238;238;Luís Gomes
498;Aceite;"18/10/2021";A Aguardar Atribuição;Empresa251;251;p2703
499;;"18/10/2021";A Aguardar Atribuição;DEISI257;257;p2211
500;;"18/10/2021";Atribuido;Empresa251;251;Luís Gomes
501;;"08/10/2021";Atribuido;DEISI227;227;Luís Gomes
502;;"30/09/2021";Atribuido;DEISI213;213;Luís Gomes
503;;"30/09/2021";Atribuido;DEISI215;215;Luís Gomes
504;;"01/10/2021";Atribuido;DEISI218;218;Luís Gomes
505;;"20/10/2021";A Aguardar Atribuição;DEISI258;258;p5265
506;Aceite;"21/10/2021";Atribuido;Aluno244;244;p2703
507;;"20/10/2021";Atribuido;DEISI258;258;Luís Gomes
508;;"23/10/2021";A Aguardar Aprovação;Aluno259;259;a21505293
509;Aceite;"23/10/2021";Atribuido;Aluno259;259;p2703
510;;"11/10/2021";Atribuido;DEISI234;234;Luís Gomes
511;;"08/10/2021";Atribuido;DEISI226;226;Luís Gomes
512;;"24/10/2021";Atribuido;DEISI247;247;Luís Gomes
513;;"26/10/2021";A Aguardar Atribuição;DEISI260;260;p2357
514;;"26/10/2021";A Aguardar Aprovação;Empresa261;261;emp78
515;;"26/10/2021";A Aguardar Aprovação;Empresa262;262;emp78
516;;"05/10/2021";Atribuido;DEISI224;224;Luís Gomes
517;Aceite;"27/10/2021";A Aguardar Atribuição;Empresa261;261;p2703
518;Aceite;"27/10/2021";A Aguardar Atribuição;Empresa262;262;p2703
519;;"27/10/2021";A Aguardar Atribuição;DEISI263;263;p6255
520;;"27/10/2021";A Aguardar Aprovação;Aluno264;264;a21902652
521;Escolha uma avaliação;"27/10/2021";A Aguardar Aprovação;Aluno264;264;p2703
522;Recusado;"27/10/2021";Recusado;Aluno264;264;p2703
523;;"2021-10-27 23:31:21";Indisponivel;Empresa262;262;p2703
524;;"27/10/2021";A Aguardar Atribuição;DEISI265;265;p2703
525;;"27/10/2021";Atribuido;DEISI263;263;Luís Gomes
526;;"11/10/2021";Atribuido;DEISI236;236;Luís Gomes
527;;"26/10/2021";Atribuido;DEISI260;260;Luís Gomes
528;;"27/10/2021";Atribuido;Empresa261;261;Luís Gomes
529;;"28/11/2021";A Aguardar Aprovação;Aluno266;266;a21805677
530;Aceite;"02/12/2021";Atribuido;Aluno266;266;p2703
531;;"28/01/2022";A Aguardar Aprovação;Aluno267;267;a21902652
532;;"18/09/2022";A Aguardar Atribuição;DEISI268;268;p5782
533;;"18/09/2022";A Aguardar Atribuição;DEISI269;269;p5782
534;;"18/09/2022";A Aguardar Atribuição;DEISI270;270;p5782
535;;"25/09/2022";A Aguardar Atribuição;DEISI271;271;p5502
536;;"25/09/2022";A Aguardar Atribuição;DEISI272;272;p5502
537;;"25/09/2022";A Aguardar Atribuição;DEISI273;273;p2
538;;"25/09/2022";A Aguardar Atribuição;DEISI274;274;p2
539;;"25/09/2022";A Aguardar Atribuição;DEISI275;275;p2703
540;;"26/09/2022";A Aguardar Atribuição;DEISI276;276;p2703
541;;"26/09/2022";A Aguardar Atribuição;DEISI277;277;p2703
542;;"26/09/2022";A Aguardar Atribuição;DEISI278;278;p6115
543;;"26/09/2022";A Aguardar Atribuição;DEISI279;279;p6115
544;;"26/09/2022";A Aguardar Atribuição;DEISI280;280;p5932
545;;"26/09/2022";A Aguardar Atribuição;DEISI281;281;p5905
546;;"26/09/2022";A Aguardar Atribuição;DEISI282;282;p5905
547;;"26/09/2022";A Aguardar Atribuição;DEISI283;283;p5905
548;;"26/09/2022";A Aguardar Atribuição;DEISI284;284;p5905
549;;"27/09/2022";A Aguardar Aprovação;G285;285;a22001628
550;;"26/09/2022";Atribuido;DEISI279;279;Luís Gomes
551;;"29/09/2022";A Aguardar Atribuição;DEISI286;286;p1059
552;;"30/09/2022";A Aguardar Atribuição;DEISI287;287;p1059
553;;"30/09/2022";A Aguardar Atribuição;DEISI288;288;p1059
554;;"30/09/2022";A Aguardar Atribuição;DEISI290;290;p5932
555;;"30/09/2022";A Aguardar Atribuição;DEISI291;291;p4997
556;;"30/09/2022";A Aguardar Atribuição;DEISI292;292;p5932
557;;"01/10/2022";A Aguardar Aprovação;G293;293;a22001936
558;;"02/10/2022";A Aguardar Atribuição;DEISI294;294;p6069
559;;"02/10/2022";A Aguardar Atribuição;DEISI295;295;p6069
560;;"02/10/2022";A Aguardar Atribuição;DEISI296;296;p6069
561;;"03/10/2022";A Aguardar Atribuição;DEISI297;297;p5403
562;;"03/10/2022";A Aguardar Atribuição;DEISI298;298;p6115
563;;"26/09/2022";Atribuido;DEISI280;280;Luís Gomes
564;;"25/09/2022";Atribuido;DEISI271;271;Luís Gomes
565;;"03/10/2022";A Aguardar Atribuição;DEISI299;299;p3113
566;;"03/10/2022";A Aguardar Atribuição;DEISI300;300;p3113
567;;"03/10/2022";A Aguardar Atribuição;DEISI301;301;p3113
568;;"03/10/2022";A Aguardar Atribuição;DEISI302;302;p3113
569;;"03/10/2022";A Aguardar Atribuição;DEISI303;303;p3113
570;;"03/10/2022";A Aguardar Atribuição;DEISI304;304;p3113
571;;"03/10/2022";A Aguardar Atribuição;DEISI305;305;p3113
572;;"03/10/2022";A Aguardar Aprovação;Empresa306;306;emp92
573;;"03/10/2022";Atribuido;DEISI298;298;Luís Gomes
574;;"04/10/2022";A Aguardar Atribuição;DEISI307;307;p6115
575;;"04/10/2022";Atribuido;DEISI307;307;Luís Gomes
576;;"26/09/2022";Atribuido;DEISI278;278;Luís Gomes
577;;"30/09/2022";Atribuido;DEISI291;291;Luís Gomes
578;Aceite;"04/10/2022";Atribuido;G293;293;p2703
579;;"06/10/2022";A Aguardar Atribuição;DEISI308;308;p6115
580;;"06/10/2022";A Aguardar Atribuição;DEISI309;309;p6115
581;;"06/10/2022";A Aguardar Aprovação;Empresa310;310;emp93
582;;"03/10/2022";Atribuido;DEISI302;302;Rui Ribeiro
583;;"03/10/2022";Atribuido;DEISI303;303;Rui Ribeiro
584;;"25/09/2022";Atribuido;DEISI272;272;Luís Gomes
585;;"03/10/2022";Atribuido;DEISI297;297;Luís Gomes
586;;"06/10/2022";A Aguardar Aprovação;Empresa311;311;emp93
587;;"26/09/2022";Atribuido;DEISI282;282;Luís Gomes
588;;"06/10/2022";A Aguardar Aprovação;Aluno312;312;a20065449
589;;"25/09/2022";Atribuido;DEISI274;274;Luís Gomes
590;;"06/10/2022";A Aguardar Atribuição;DEISI313;313;p3113
591;;"06/10/2022";A Aguardar Atribuição;DEISI314;314;p5403
592;;"06/10/2022";Atribuido;DEISI308;308;Luís Gomes
593;;"06/10/2022";Atribuido;DEISI309;309;Luís Gomes
594;;"28/09/2022";Atribuido;DEISI270;270;Luís Gomes
595;;"28/09/2022";Atribuido;DEISI269;269;Luís Gomes
596;;"07/10/2022";A Aguardar Atribuição;DEISI315;315;p6902
597;;"07/10/2022";A Aguardar Atribuição;DEISI316;316;p5905
598;;"26/09/2022";Atribuido;DEISI277;277;Luís Gomes
599;;"07/10/2022";A Aguardar Atribuição;DEISI317;317;p4453
600;;"07/10/2022";A Aguardar Atribuição;DEISI318;318;p5782
601;;"07/10/2022";A Aguardar Aprovação;Empresa319;319;emp96
602;;"07/10/2022";A Aguardar Aprovação;Empresa320;320;emp96
603;;"07/10/2022";A Aguardar Atribuição;DEISI321;321;p6301
604;;"07/10/2022";Atribuido;DEISI317;317;Luís Gomes
605;;"07/10/2022";Atribuido;DEISI269;269;Luís Gomes
606;Recusado;"07/10/2022";Recusado;Aluno312;312;p2703
607;Recusado;"07/10/2022";Recusado;Empresa311;311;p2703
608;Recusado;"07/10/2022";Recusado;Empresa320;320;p2703
609;;"08/10/2022";A Aguardar Aprovação;G322;322;a22004314
610;Aceite;"09/10/2022";A Aguardar Atribuição;Empresa310;310;p2703
611;;"10/10/2022";A Aguardar Aprovação;Aluno323;323;a21502898
612;;"02/10/2022";Atribuido;DEISI296;296;Luís Gomes
614;Aceite;"10/10/2022";A Aguardar Atribuição;Empresa306;306;p2703
615;Aceite;"10/10/2022";A Aguardar Atribuição;Empresa319;319;p2703
616;Aceite;"10/10/2022";Atribuido;Aluno323;323;p2703
617;;"06/10/2022";Atribuido;DEISI314;314;Luís Gomes
618;;"11/10/2022";A Aguardar Atribuição;DEISI324;324;p6255
619;;"30/09/2022";Atribuido;DEISI290;290;Luís Gomes
620;;"11/10/2022";A Aguardar Aprovação;Aluno325;325;a22004247
621;;"10/10/2022";Atribuido;Empresa319;319;Luís Gomes
622;;"12/10/2022";A Aguardar Atribuição;DEISI326;326;p6069
623;;"12/10/2022";A Aguardar Atribuição;DEISI327;327;p5932
624;;"13/10/2022";A Aguardar Aprovação;G328;328;a22007560
625;;"13/10/2022";A Aguardar Atribuição;DEISI329;329;p5441
626;;"13/10/2022";A Aguardar Atribuição;DEISI330;330;p6949
627;;"13/10/2022";A Aguardar Atribuição;DEISI331;331;p6476
628;;"02/10/2022";Atribuido;DEISI295;295;Luís Gomes
629;;"03/10/2022";Atribuido;DEISI300;300;Luís Gomes
630;;"03/10/2022";Atribuido;DEISI301;301;Luís Gomes
631;;"03/10/2022";Atribuido;DEISI305;305;Luís Gomes
632;;"10/10/2022";Atribuido;Empresa306;306;Luís Gomes
633;;"07/10/2022";Atribuido;DEISI316;316;Luís Gomes
634;;"11/10/2022";Atribuido;DEISI324;324;Luís Gomes
635;;"25/09/2022";Atribuido;DEISI275;275;Luís Gomes
636;;"07/10/2022";Atribuido;DEISI318;318;Luís Gomes
637;;"13/10/2022";Atribuido;DEISI330;330;Luís Gomes
638;;"12/10/2022";Atribuido;DEISI326;326;Luís Gomes
639;;"14/10/2022";A Aguardar Aprovação;Aluno332;332;a20065449
640;;"14/10/2022";A Aguardar Atribuição;DEISI333;333;p6255
641;;"14/10/2022";A Aguardar Atribuição;DEISI334;334;p6255
642;;"14/10/2022";A Aguardar Atribuição;DEISI335;335;p6255
643;;"14/10/2022";A Aguardar Atribuição;DEISI336;336;p6255
644;;"14/10/2022";A Aguardar Atribuição;DEISI337;337;p5441
645;;"14/10/2022";A Aguardar Atribuição;DEISI338;338;p5441
646;;"14/10/2022";A Aguardar Atribuição;DEISI339;339;p5441
647;;"14/10/2022";A Aguardar Atribuição;DEISI340;340;p5441
648;;"14/10/2022";A Aguardar Atribuição;DEISI341;341;p6949
649;;"14/10/2022";A Aguardar Aprovação;Aluno342;342;a21906962
650;;"14/10/2022";A Aguardar Atribuição;DEISI343;343;p5403
651;;"14/10/2022";A Aguardar Aprovação;Aluno344;344;a22103831
652;;"01/10/2022";Atribuido;DEISI292;292;Luís Gomes
653;;"12/10/2022";Atribuido;DEISI327;327;Luís Gomes
654;;"13/10/2022";Atribuido;DEISI330;330;Luís Gomes
655;;"14/10/2022";Atribuido;DEISI343;343;Luís Gomes
656;;"12/10/2022";Atribuido;DEISI327;327;Luís Gomes
657;;"09/10/2022";Atribuido;Empresa310;310;Luís Gomes
658;;"14/10/2022";Atribuido;DEISI334;334;Luís Gomes
659;;"14/10/2022";Atribuido;DEISI336;336;Luís Gomes
660;;"15/10/2022";A Aguardar Atribuição;DEISI345;345;p6301
661;;"15/10/2022";A Aguardar Aprovação;Aluno346;346;a21006894
662;;"15/10/2022";A Aguardar Aprovação;G347;347;a22004314
663;;"14/10/2022";Atribuido;DEISI341;341;Luís Gomes
664;;"02/10/2022";Atribuido;DEISI296;296;Luís Gomes
665;;"13/10/2022";Atribuido;DEISI331;331;Luís Gomes
666;;"16/10/2022";A Aguardar Aprovação;G348;348;a22004314
667;Aceite;"16/10/2022";Atribuido;G348;348;p2703
668;;"16/10/2022";A Aguardar Aprovação;G349;349;a22004314
669;Recusado;"16/10/2022";Recusado;Aluno342;342;p2703
670;Escolha uma avaliação;"17/10/2022";A Aguardar Aprovação;Aluno344;344;p2703
672;Recusado;"17/10/2022";A Aguardar Aprovação;Aluno344;344;p2703
674;;"14/10/2022";Atribuido;DEISI335;335;Luís Gomes
675;;"07/10/2022";Atribuido;DEISI321;321;Luís Gomes
676;;"12/10/2022";Atribuido;DEISI326;326;Luís Gomes
677;;"15/10/2022";Atribuido;DEISI345;345;Luís Gomes
678;;"18/10/2022";A Aguardar Atribuição;DEISI350;350;p2703
679;;"18/10/2022";A Aguardar Atribuição;DEISI351;351;p2703
680;;"18/10/2022";A Aguardar Atribuição;DEISI352;352;p2703
681;;"03/10/2022";Atribuido;DEISI301;301;Luís Gomes
682;;"29/09/2022";Atribuido;DEISI286;286;Luís Gomes
683;;"21/10/2022";A Aguardar Aprovação;Aluno353;353;a21006894
684;Aceite;"21/10/2022";Atribuido;Aluno332;332;p2703
685;;"02/10/2022";Atribuido;DEISI295;295;Luís Gomes
686;Recusado;"22/10/2022";Recusado;G328;328;p2703
687;;"24/10/2022";A Aguardar Atribuição;DEISI354;354;p6069
688;;"24/10/2022";Atribuido;DEISI354;354;Luís Gomes
689;;"25/09/2022";Atribuido;DEISI275;275;Luís Gomes
690;;"18/10/2022";Atribuido;DEISI350;350;Luís Gomes
691;;"18/10/2022";Atribuido;DEISI350;350;Luís Gomes
692;;"07/10/2022";Atribuido;DEISI315;315;Luís Gomes
693;;"01/10/2022";Atribuido;DEISI292;292;Luís Gomes
694;;"10/07/2023";A Aguardar Atribuição;DEISI355;355;p6902
695;;"10/07/2023";A Aguardar Atribuição;DEISI356;356;p6902
696;;"25/07/2023";A Aguardar Atribuição;DEISI357;357;p6949
697;;"06/09/2023";A Aguardar Atribuição;DEISI358;358;p4453
698;;"13/09/2023";A Aguardar Atribuição;DEISI359;359;p1059
699;;"13/09/2023";A Aguardar Atribuição;DEISI360;360;p5958
700;;"14/09/2023";A Aguardar Atribuição;DEISI361;361;p6902
701;;"14/09/2023";A Aguardar Atribuição;DEISI362;362;p6902
702;;"19/09/2023";A Aguardar Atribuição;DEISI363;363;p6255
703;;"09/10/2023";A Aguardar Atribuição;DEISI364;364;p5265
704;;"09/10/2023";A Aguardar Atribuição;DEISI365;365;p5265
